{
  "interactionModel": {
    "languageModel": {
      "intents": [
        {
          "name": "AMAZON.CancelIntent",
          "samples": []
        },
        {
          "name": "AMAZON.HelpIntent",
          "samples": []
        },
        {
          "name": "AMAZON.StopIntent",
          "samples": []
        },
        {
          "slots": [],
          "name": "HelloWorldIntent",
          "samples": [
            "hello",
            "how are you",
            "say hi world",
            "say hi",
            "hi",
            "say hello world",
            "say hello"
          ]
        },
        {
          "name": "AMAZON.NavigateHomeIntent",
          "samples": []
        },
        {
          "name": "AMAZON.FallbackIntent",
          "samples": []
        },
        {
          "slots": [
            {
              "name": "item",
              "type": "AMAZON.SearchQuery"
            }
          ],
          "name": "ArduinoInsertIntent",
          "samples": [
            "add {item} to database",
            "add {item}",
            "insert {item}",
            "insert {item} to database"
          ]
        },
        {
          "slots": [],
          "name": "PingIntent",
          "samples": [
            "ping"
          ]
        }
      ],
      "types": [],
      "invocationName": "arduino demo"
    }
  }
}